<?xml version="1.0"?>
<config xmlns:xsi="http://www.w3.org/2001/XMLSchema-instance" xsi:noNamespaceSchemaLocation="urn:magento:module:Magento_Config:etc/system_file.xsd">
    <system>
        <tab id="extrafee" translate="label" sortOrder="1000">
            <label>COD Partial Payment</label>
        </tab>
        <section id="customfee" translate="label" type="text" sortOrder="320" showInDefault="1" showInWebsite="1" showInStore="1">
            <class>separator-top</class>
            <label>Partial Payment</label>
            <tab>extrafee</tab>
            <resource>Magento_Backend::content</resource>
            <group id="general" translate="label" type="text" sortOrder="100" showInDefault="1" showInWebsite="1" showInStore="1">
                <label>COD Payment Limit</label>
                <field id="active" translate="label" type="select" sortOrder="1" showInDefault="1" showInWebsite="1" showInStore="0">
                    <label>Enabled</label>
                    <source_model>Magento\Config\Model\Config\Source\Yesno</source_model>
                </field>
                <field id="title" translate="label" type="text" sortOrder="5" showInDefault="1" showInWebsite="1" showInStore="1">
                    <label>Title</label>
                    <validate>required-entry</validate>
                </field>
                <field id="price" translate="label" type="text" sortOrder="10" showInDefault="1" showInWebsite="1" showInStore="0">
                    <label>COD Payment Limit</label>
                    <validate>required-entry validate-number</validate>
                </field>
            </group>
        </section>
    </system>
</config>